video_id,frame_id,split
jlhuZfcw61w,1,train
jlhuZfcw61w,2,train
jlhuZfcw61w,3,train
jlhuZfcw61w,4,train
jlhuZfcw61w,5,train
A7N2Japi3-A_4,1,train
A7N2Japi3-A_4,2,train
A7N2Japi3-A_4,3,train
A7N2Japi3-A_4,4,train
A7N2Japi3-A_4,5,train
A7N2Japi3-A_5,1,train
A7N2Japi3-A_5,2,train
A7N2Japi3-A_5,3,train
A7N2Japi3-A_5,4,train
A7N2Japi3-A_5,5,train
qex-TtKPS88,1,train
qex-TtKPS88,2,train
qex-TtKPS88,3,train
qex-TtKPS88,4,train
qex-TtKPS88,5,train
YYbShzoZWRo_17,1,train
YYbShzoZWRo_17,2,train
YYbShzoZWRo_17,3,train
YYbShzoZWRo_17,4,train
YYbShzoZWRo_17,5,train
Au2wPpcU6Zs_1,1,train
Au2wPpcU6Zs_1,2,train
Au2wPpcU6Zs_1,3,train
Au2wPpcU6Zs_1,4,train
Au2wPpcU6Zs_1,5,train
YYbShzoZWRo_22,1,train
YYbShzoZWRo_22,2,train
YYbShzoZWRo_22,3,train
YYbShzoZWRo_22,4,train
YYbShzoZWRo_22,5,train
ElOVPqC_kRc_1,1,train
ElOVPqC_kRc_1,2,train
ElOVPqC_kRc_1,3,train
ElOVPqC_kRc_1,4,train
ElOVPqC_kRc_1,5,train
73gc9U3emh0_1,1,train
73gc9U3emh0_1,2,train
73gc9U3emh0_1,3,train
73gc9U3emh0_1,4,train
73gc9U3emh0_1,5,train
TZjDtklgxVw_0,1,train
TZjDtklgxVw_0,2,train
TZjDtklgxVw_0,3,train
TZjDtklgxVw_0,4,train
TZjDtklgxVw_0,5,train
wEGD8-RTMuI_0,1,train
wEGD8-RTMuI_0,2,train
wEGD8-RTMuI_0,3,train
wEGD8-RTMuI_0,4,train
wEGD8-RTMuI_0,5,train
u8h3mZS1bi4,1,train
u8h3mZS1bi4,2,train
u8h3mZS1bi4,3,train
u8h3mZS1bi4,4,train
u8h3mZS1bi4,5,train
6DR8dA9TDOc_1,1,train
6DR8dA9TDOc_1,2,train
6DR8dA9TDOc_1,3,train
6DR8dA9TDOc_1,4,train
6DR8dA9TDOc_1,5,train
A7N2Japi3-A_8,1,train
A7N2Japi3-A_8,2,train
A7N2Japi3-A_8,3,train
A7N2Japi3-A_8,4,train
A7N2Japi3-A_8,5,train
esbnrrsznWc_2,1,train
esbnrrsznWc_2,2,train
esbnrrsznWc_2,3,train
esbnrrsznWc_2,4,train
esbnrrsznWc_2,5,train
K12gmeUgd68_0,1,train
K12gmeUgd68_0,2,train
K12gmeUgd68_0,3,train
K12gmeUgd68_0,4,train
K12gmeUgd68_0,5,train
28XJmUz906g_1,1,train
28XJmUz906g_1,2,train
28XJmUz906g_1,3,train
28XJmUz906g_1,4,train
28XJmUz906g_1,5,train
9xp46AwF9BY_2,1,train
9xp46AwF9BY_2,2,train
9xp46AwF9BY_2,3,train
9xp46AwF9BY_2,4,train
9xp46AwF9BY_2,5,train
2IoF4ClnbPk_1,1,train
2IoF4ClnbPk_1,2,train
2IoF4ClnbPk_1,3,train
2IoF4ClnbPk_1,4,train
2IoF4ClnbPk_1,5,train
Z4CVbGw48bQ_0,1,train
Z4CVbGw48bQ_0,2,train
Z4CVbGw48bQ_0,3,train
Z4CVbGw48bQ_0,4,train
Z4CVbGw48bQ_0,5,train
q6Vwbg3SOSc_1,1,train
q6Vwbg3SOSc_1,2,train
q6Vwbg3SOSc_1,3,train
q6Vwbg3SOSc_1,4,train
q6Vwbg3SOSc_1,5,train
4RM67QN9034_3,1,train
4RM67QN9034_3,2,train
4RM67QN9034_3,3,train
4RM67QN9034_3,4,train
4RM67QN9034_3,5,train
I_kxmHFX40w_1,1,train
I_kxmHFX40w_1,2,train
I_kxmHFX40w_1,3,train
I_kxmHFX40w_1,4,train
I_kxmHFX40w_1,5,train
BUOZ95c2wq0_0,1,train
BUOZ95c2wq0_0,2,train
BUOZ95c2wq0_0,3,train
BUOZ95c2wq0_0,4,train
BUOZ95c2wq0_0,5,train
xLXcCv45AYg_10,1,train
xLXcCv45AYg_10,2,train
xLXcCv45AYg_10,3,train
xLXcCv45AYg_10,4,train
xLXcCv45AYg_10,5,train
jME9QyhHS_0_0,1,train
jME9QyhHS_0_0,2,train
jME9QyhHS_0_0,3,train
jME9QyhHS_0_0,4,train
jME9QyhHS_0_0,5,train
oXazaWxQ25s_0,1,train
oXazaWxQ25s_0,2,train
oXazaWxQ25s_0,3,train
oXazaWxQ25s_0,4,train
oXazaWxQ25s_0,5,train
SA6kKf9H3H4_3,1,train
SA6kKf9H3H4_3,2,train
SA6kKf9H3H4_3,3,train
SA6kKf9H3H4_3,4,train
SA6kKf9H3H4_3,5,train
vLtv_iZgCI0_0,1,train
vLtv_iZgCI0_0,2,train
vLtv_iZgCI0_0,3,train
vLtv_iZgCI0_0,4,train
vLtv_iZgCI0_0,5,train
73gc9U3emh0_0,1,train
73gc9U3emh0_0,2,train
73gc9U3emh0_0,3,train
73gc9U3emh0_0,4,train
73gc9U3emh0_0,5,train
UvHjKXLqmC8_0,1,train
UvHjKXLqmC8_0,2,train
UvHjKXLqmC8_0,3,train
UvHjKXLqmC8_0,4,train
UvHjKXLqmC8_0,5,train
u4v75o5WxYw_4,1,train
u4v75o5WxYw_4,2,train
u4v75o5WxYw_4,3,train
u4v75o5WxYw_4,4,train
u4v75o5WxYw_4,5,train
xGeqjlPz4kw_1,1,train
xGeqjlPz4kw_1,2,train
xGeqjlPz4kw_1,3,train
xGeqjlPz4kw_1,4,train
xGeqjlPz4kw_1,5,train
OcrebrO0L-Y_0,1,train
OcrebrO0L-Y_0,2,train
OcrebrO0L-Y_0,3,train
OcrebrO0L-Y_0,4,train
OcrebrO0L-Y_0,5,train
hfFPtPYAiu0_7,1,train
hfFPtPYAiu0_7,2,train
hfFPtPYAiu0_7,3,train
hfFPtPYAiu0_7,4,train
hfFPtPYAiu0_7,5,train
DVz1tXstkNo_0,1,train
DVz1tXstkNo_0,2,train
DVz1tXstkNo_0,3,train
DVz1tXstkNo_0,4,train
DVz1tXstkNo_0,5,train
my4b5PLXHX8_11,1,train
my4b5PLXHX8_11,2,train
my4b5PLXHX8_11,3,train
my4b5PLXHX8_11,4,train
my4b5PLXHX8_11,5,train
xGeqjlPz4kw_3,1,train
xGeqjlPz4kw_3,2,train
xGeqjlPz4kw_3,3,train
xGeqjlPz4kw_3,4,train
xGeqjlPz4kw_3,5,train
rq5RDUm2Hnk_0,1,train
rq5RDUm2Hnk_0,2,train
rq5RDUm2Hnk_0,3,train
rq5RDUm2Hnk_0,4,train
rq5RDUm2Hnk_0,5,train
_Y-J232faOk,1,train
_Y-J232faOk,2,train
_Y-J232faOk,3,train
_Y-J232faOk,4,train
_Y-J232faOk,5,train
CVB_z1QxACs_2,1,train
CVB_z1QxACs_2,2,train
CVB_z1QxACs_2,3,train
CVB_z1QxACs_2,4,train
CVB_z1QxACs_2,5,train
nnuN-Zt60TM_2,1,train
nnuN-Zt60TM_2,2,train
nnuN-Zt60TM_2,3,train
nnuN-Zt60TM_2,4,train
nnuN-Zt60TM_2,5,train
kOLHBZTl9fQ_1,1,train
kOLHBZTl9fQ_1,2,train
kOLHBZTl9fQ_1,3,train
kOLHBZTl9fQ_1,4,train
kOLHBZTl9fQ_1,5,train
YYbShzoZWRo_23,1,train
YYbShzoZWRo_23,2,train
YYbShzoZWRo_23,3,train
YYbShzoZWRo_23,4,train
YYbShzoZWRo_23,5,train
uCK7Gok3u0U_9,1,train
uCK7Gok3u0U_9,2,train
uCK7Gok3u0U_9,3,train
uCK7Gok3u0U_9,4,train
uCK7Gok3u0U_9,5,train
EUQvCNf2oBg_0,1,train
EUQvCNf2oBg_0,2,train
EUQvCNf2oBg_0,3,train
EUQvCNf2oBg_0,4,train
EUQvCNf2oBg_0,5,train
Au2wPpcU6Zs_0,1,train
Au2wPpcU6Zs_0,2,train
Au2wPpcU6Zs_0,3,train
Au2wPpcU6Zs_0,4,train
Au2wPpcU6Zs_0,5,train
my4b5PLXHX8_12,1,train
my4b5PLXHX8_12,2,train
my4b5PLXHX8_12,3,train
my4b5PLXHX8_12,4,train
my4b5PLXHX8_12,5,train
ILjUrcYX5Ns_0,1,train
ILjUrcYX5Ns_0,2,train
ILjUrcYX5Ns_0,3,train
ILjUrcYX5Ns_0,4,train
ILjUrcYX5Ns_0,5,train
x2czvJR1JCA_1,1,train
x2czvJR1JCA_1,2,train
x2czvJR1JCA_1,3,train
x2czvJR1JCA_1,4,train
x2czvJR1JCA_1,5,train
SA6kKf9H3H4_0,1,train
SA6kKf9H3H4_0,2,train
SA6kKf9H3H4_0,3,train
SA6kKf9H3H4_0,4,train
SA6kKf9H3H4_0,5,train
gL8zlvF6e5c_1,1,train
gL8zlvF6e5c_1,2,train
gL8zlvF6e5c_1,3,train
gL8zlvF6e5c_1,4,train
gL8zlvF6e5c_1,5,train
Pzumxhjd07c_0,1,train
Pzumxhjd07c_0,2,train
Pzumxhjd07c_0,3,train
Pzumxhjd07c_0,4,train
Pzumxhjd07c_0,5,train
mwcl4wtlNy8,1,train
mwcl4wtlNy8,2,train
mwcl4wtlNy8,3,train
mwcl4wtlNy8,4,train
mwcl4wtlNy8,5,train
o1bZB4fKv2U_2,1,train
o1bZB4fKv2U_2,2,train
o1bZB4fKv2U_2,3,train
o1bZB4fKv2U_2,4,train
o1bZB4fKv2U_2,5,train
9xp46AwF9BY_1,1,train
9xp46AwF9BY_1,2,train
9xp46AwF9BY_1,3,train
9xp46AwF9BY_1,4,train
9xp46AwF9BY_1,5,train
xv7eM6-UmkY_12,1,train
xv7eM6-UmkY_12,2,train
xv7eM6-UmkY_12,3,train
xv7eM6-UmkY_12,4,train
xv7eM6-UmkY_12,5,train
QGHZg2ZSk5k_0,1,train
QGHZg2ZSk5k_0,2,train
QGHZg2ZSk5k_0,3,train
QGHZg2ZSk5k_0,4,train
QGHZg2ZSk5k_0,5,train
e8elR_ChTNs_1,1,train
e8elR_ChTNs_1,2,train
e8elR_ChTNs_1,3,train
e8elR_ChTNs_1,4,train
e8elR_ChTNs_1,5,train
DVz1tXstkNo_1,1,train
DVz1tXstkNo_1,2,train
DVz1tXstkNo_1,3,train
DVz1tXstkNo_1,4,train
DVz1tXstkNo_1,5,train
Jr6-HSztZXg,1,train
Jr6-HSztZXg,2,train
Jr6-HSztZXg,3,train
Jr6-HSztZXg,4,train
Jr6-HSztZXg,5,train
tMNVhoFOsWI_2,1,train
tMNVhoFOsWI_2,2,train
tMNVhoFOsWI_2,3,train
tMNVhoFOsWI_2,4,train
tMNVhoFOsWI_2,5,train
WjyvwX_nZ6Y_1,1,train
WjyvwX_nZ6Y_1,2,train
WjyvwX_nZ6Y_1,3,train
WjyvwX_nZ6Y_1,4,train
WjyvwX_nZ6Y_1,5,train
sWMcL0pFHbU_0,1,train
sWMcL0pFHbU_0,2,train
sWMcL0pFHbU_0,3,train
sWMcL0pFHbU_0,4,train
sWMcL0pFHbU_0,5,train
emLStHiqfyo_1,1,train
emLStHiqfyo_1,2,train
emLStHiqfyo_1,3,train
emLStHiqfyo_1,4,train
emLStHiqfyo_1,5,train
e8elR_ChTNs_3,1,train
e8elR_ChTNs_3,2,train
e8elR_ChTNs_3,3,train
e8elR_ChTNs_3,4,train
e8elR_ChTNs_3,5,train
HaXzmnXFyIk_0,1,train
HaXzmnXFyIk_0,2,train
HaXzmnXFyIk_0,3,train
HaXzmnXFyIk_0,4,train
HaXzmnXFyIk_0,5,train
EoNMhVHN57E_0,1,train
EoNMhVHN57E_0,2,train
EoNMhVHN57E_0,3,train
EoNMhVHN57E_0,4,train
EoNMhVHN57E_0,5,train
YYbShzoZWRo_20,1,train
YYbShzoZWRo_20,2,train
YYbShzoZWRo_20,3,train
YYbShzoZWRo_20,4,train
YYbShzoZWRo_20,5,train
YgdvCtrWk3s_1,1,train
YgdvCtrWk3s_1,2,train
YgdvCtrWk3s_1,3,train
YgdvCtrWk3s_1,4,train
YgdvCtrWk3s_1,5,train
rGLGyIODamk_15,1,train
rGLGyIODamk_15,2,train
rGLGyIODamk_15,3,train
rGLGyIODamk_15,4,train
rGLGyIODamk_15,5,train
bT3D8pRHY40_5,1,train
bT3D8pRHY40_5,2,train
bT3D8pRHY40_5,3,train
bT3D8pRHY40_5,4,train
bT3D8pRHY40_5,5,train
YYbShzoZWRo_2,1,train
YYbShzoZWRo_2,2,train
YYbShzoZWRo_2,3,train
YYbShzoZWRo_2,4,train
YYbShzoZWRo_2,5,train
OhLbkwXorYE_0,1,train
OhLbkwXorYE_0,2,train
OhLbkwXorYE_0,3,train
OhLbkwXorYE_0,4,train
OhLbkwXorYE_0,5,train
4ZcNowVqLfg_6,1,train
4ZcNowVqLfg_6,2,train
4ZcNowVqLfg_6,3,train
4ZcNowVqLfg_6,4,train
4ZcNowVqLfg_6,5,train
IguMXMwDq6k_3,1,train
IguMXMwDq6k_3,2,train
IguMXMwDq6k_3,3,train
IguMXMwDq6k_3,4,train
IguMXMwDq6k_3,5,train
tI3-KXgd8Ng_0,1,train
tI3-KXgd8Ng_0,2,train
tI3-KXgd8Ng_0,3,train
tI3-KXgd8Ng_0,4,train
tI3-KXgd8Ng_0,5,train
YYbShzoZWRo_7,1,train
YYbShzoZWRo_7,2,train
YYbShzoZWRo_7,3,train
YYbShzoZWRo_7,4,train
YYbShzoZWRo_7,5,train
QGHZg2ZSk5k_1,1,train
QGHZg2ZSk5k_1,2,train
QGHZg2ZSk5k_1,3,train
QGHZg2ZSk5k_1,4,train
QGHZg2ZSk5k_1,5,train
TeLISCmZ_w4_1,1,train
TeLISCmZ_w4_1,2,train
TeLISCmZ_w4_1,3,train
TeLISCmZ_w4_1,4,train
TeLISCmZ_w4_1,5,train
7TZwDTARl1U_0,1,train
7TZwDTARl1U_0,2,train
7TZwDTARl1U_0,3,train
7TZwDTARl1U_0,4,train
7TZwDTARl1U_0,5,train
mbGrFe9TUbI_0,1,train
mbGrFe9TUbI_0,2,train
mbGrFe9TUbI_0,3,train
mbGrFe9TUbI_0,4,train
mbGrFe9TUbI_0,5,train
baby_dog_2_1,1,train
baby_dog_2_1,2,train
baby_dog_2_1,3,train
baby_dog_2_1,4,train
baby_dog_2_1,5,train
uQvsqaqcHtU_0,1,train
uQvsqaqcHtU_0,2,train
uQvsqaqcHtU_0,3,train
uQvsqaqcHtU_0,4,train
uQvsqaqcHtU_0,5,train
HJ9TX5h2c04_0,1,train
HJ9TX5h2c04_0,2,train
HJ9TX5h2c04_0,3,train
HJ9TX5h2c04_0,4,train
HJ9TX5h2c04_0,5,train
IrYMIVbDsh8_0,1,train
IrYMIVbDsh8_0,2,train
IrYMIVbDsh8_0,3,train
IrYMIVbDsh8_0,4,train
IrYMIVbDsh8_0,5,train
CbQ2Ap7Phsw_0,1,train
CbQ2Ap7Phsw_0,2,train
CbQ2Ap7Phsw_0,3,train
CbQ2Ap7Phsw_0,4,train
CbQ2Ap7Phsw_0,5,train
DtH5pDjc0Cg_4,1,train
DtH5pDjc0Cg_4,2,train
DtH5pDjc0Cg_4,3,train
DtH5pDjc0Cg_4,4,train
DtH5pDjc0Cg_4,5,train
4KyFqVPkJaM_0,1,train
4KyFqVPkJaM_0,2,train
4KyFqVPkJaM_0,3,train
4KyFqVPkJaM_0,4,train
4KyFqVPkJaM_0,5,train
vlny-m0SIiw_3,1,train
vlny-m0SIiw_3,2,train
vlny-m0SIiw_3,3,train
vlny-m0SIiw_3,4,train
vlny-m0SIiw_3,5,train
13jOc6BcUcg,1,train
13jOc6BcUcg,2,train
13jOc6BcUcg,3,train
13jOc6BcUcg,4,train
13jOc6BcUcg,5,train
UpcP-YCJL4Y_1,1,train
UpcP-YCJL4Y_1,2,train
UpcP-YCJL4Y_1,3,train
UpcP-YCJL4Y_1,4,train
UpcP-YCJL4Y_1,5,train
CVB_z1QxACs_1,1,train
CVB_z1QxACs_1,2,train
CVB_z1QxACs_1,3,train
CVB_z1QxACs_1,4,train
CVB_z1QxACs_1,5,train
xEltohEjV5o_1,1,train
xEltohEjV5o_1,2,train
xEltohEjV5o_1,3,train
xEltohEjV5o_1,4,train
xEltohEjV5o_1,5,train
tK3PeaRrwgY_0,1,train
tK3PeaRrwgY_0,2,train
tK3PeaRrwgY_0,3,train
tK3PeaRrwgY_0,4,train
tK3PeaRrwgY_0,5,train
VvK-WSHc1Lw_0,1,train
VvK-WSHc1Lw_0,2,train
VvK-WSHc1Lw_0,3,train
VvK-WSHc1Lw_0,4,train
VvK-WSHc1Lw_0,5,train
pzxMKz2lt3E,1,train
pzxMKz2lt3E,2,train
pzxMKz2lt3E,3,train
pzxMKz2lt3E,4,train
pzxMKz2lt3E,5,train
898DdwJZ7gM_0,1,train
898DdwJZ7gM_0,2,train
898DdwJZ7gM_0,3,train
898DdwJZ7gM_0,4,train
898DdwJZ7gM_0,5,train
mbGrFe9TUbI_1,1,train
mbGrFe9TUbI_1,2,train
mbGrFe9TUbI_1,3,train
mbGrFe9TUbI_1,4,train
mbGrFe9TUbI_1,5,train
p7rp4L26D1M_1,1,train
p7rp4L26D1M_1,2,train
p7rp4L26D1M_1,3,train
p7rp4L26D1M_1,4,train
p7rp4L26D1M_1,5,train
0meOlo03O3g_2,1,train
0meOlo03O3g_2,2,train
0meOlo03O3g_2,3,train
0meOlo03O3g_2,4,train
0meOlo03O3g_2,5,train
I_kxmHFX40w_0,1,train
I_kxmHFX40w_0,2,train
I_kxmHFX40w_0,3,train
I_kxmHFX40w_0,4,train
I_kxmHFX40w_0,5,train
DtH5pDjc0Cg_2,1,train
DtH5pDjc0Cg_2,2,train
DtH5pDjc0Cg_2,3,train
DtH5pDjc0Cg_2,4,train
DtH5pDjc0Cg_2,5,train
wEGD8-RTMuI_1,1,train
wEGD8-RTMuI_1,2,train
wEGD8-RTMuI_1,3,train
wEGD8-RTMuI_1,4,train
wEGD8-RTMuI_1,5,train
83VnSaHiXec_0,1,train
83VnSaHiXec_0,2,train
83VnSaHiXec_0,3,train
83VnSaHiXec_0,4,train
83VnSaHiXec_0,5,train
O7xnnBye7RM_1,1,train
O7xnnBye7RM_1,2,train
O7xnnBye7RM_1,3,train
O7xnnBye7RM_1,4,train
O7xnnBye7RM_1,5,train
ygrrc2Saf_8_10,1,train
ygrrc2Saf_8_10,2,train
ygrrc2Saf_8_10,3,train
ygrrc2Saf_8_10,4,train
ygrrc2Saf_8_10,5,train
PGd-2R0Ykko_0,1,train
PGd-2R0Ykko_0,2,train
PGd-2R0Ykko_0,3,train
PGd-2R0Ykko_0,4,train
PGd-2R0Ykko_0,5,train
cPdwe4mux78_0,1,train
cPdwe4mux78_0,2,train
cPdwe4mux78_0,3,train
cPdwe4mux78_0,4,train
cPdwe4mux78_0,5,train
OhLbkwXorYE_1,1,train
OhLbkwXorYE_1,2,train
OhLbkwXorYE_1,3,train
OhLbkwXorYE_1,4,train
OhLbkwXorYE_1,5,train
xEktV_3pVgg_0,1,train
xEktV_3pVgg_0,2,train
xEktV_3pVgg_0,3,train
xEktV_3pVgg_0,4,train
xEktV_3pVgg_0,5,train
OL4y9R0Xo8c_2,1,train
OL4y9R0Xo8c_2,2,train
OL4y9R0Xo8c_2,3,train
OL4y9R0Xo8c_2,4,train
OL4y9R0Xo8c_2,5,train
Kd42SbTQv2U_9,1,train
Kd42SbTQv2U_9,2,train
Kd42SbTQv2U_9,3,train
Kd42SbTQv2U_9,4,train
Kd42SbTQv2U_9,5,train
WjyvwX_nZ6Y_3,1,train
WjyvwX_nZ6Y_3,2,train
WjyvwX_nZ6Y_3,3,train
WjyvwX_nZ6Y_3,4,train
WjyvwX_nZ6Y_3,5,train
qD-UEwVEDP0_1,1,train
qD-UEwVEDP0_1,2,train
qD-UEwVEDP0_1,3,train
qD-UEwVEDP0_1,4,train
qD-UEwVEDP0_1,5,train
4t0I10eMoJU_0,1,train
4t0I10eMoJU_0,2,train
4t0I10eMoJU_0,3,train
4t0I10eMoJU_0,4,train
4t0I10eMoJU_0,5,train
xEktV_3pVgg_1,1,train
xEktV_3pVgg_1,2,train
xEktV_3pVgg_1,3,train
xEktV_3pVgg_1,4,train
xEktV_3pVgg_1,5,train
tMNVhoFOsWI_0,1,train
tMNVhoFOsWI_0,2,train
tMNVhoFOsWI_0,3,train
tMNVhoFOsWI_0,4,train
tMNVhoFOsWI_0,5,train
SA6kKf9H3H4_4,1,train
SA6kKf9H3H4_4,2,train
SA6kKf9H3H4_4,3,train
SA6kKf9H3H4_4,4,train
SA6kKf9H3H4_4,5,train
_19NVGk6Zt8_0,1,train
_19NVGk6Zt8_0,2,train
_19NVGk6Zt8_0,3,train
_19NVGk6Zt8_0,4,train
_19NVGk6Zt8_0,5,train
UNG2bCX03kg_0,1,train
UNG2bCX03kg_0,2,train
UNG2bCX03kg_0,3,train
UNG2bCX03kg_0,4,train
UNG2bCX03kg_0,5,train
RmYRkbGXZPY,1,train
RmYRkbGXZPY,2,train
RmYRkbGXZPY,3,train
RmYRkbGXZPY,4,train
RmYRkbGXZPY,5,train
Ox7OpIu5CLI_0,1,train
Ox7OpIu5CLI_0,2,train
Ox7OpIu5CLI_0,3,train
Ox7OpIu5CLI_0,4,train
Ox7OpIu5CLI_0,5,train
I8K17mzV-QU_1,1,train
I8K17mzV-QU_1,2,train
I8K17mzV-QU_1,3,train
I8K17mzV-QU_1,4,train
I8K17mzV-QU_1,5,train
UtBQrBLsTQY_0,1,train
UtBQrBLsTQY_0,2,train
UtBQrBLsTQY_0,3,train
UtBQrBLsTQY_0,4,train
UtBQrBLsTQY_0,5,train
bkQE4lJ849s_0,1,train
bkQE4lJ849s_0,2,train
bkQE4lJ849s_0,3,train
bkQE4lJ849s_0,4,train
bkQE4lJ849s_0,5,train
0meOlo03O3g_1,1,train
0meOlo03O3g_1,2,train
0meOlo03O3g_1,3,train
0meOlo03O3g_1,4,train
0meOlo03O3g_1,5,train
9sdXJSQ_9r4_0,1,train
9sdXJSQ_9r4_0,2,train
9sdXJSQ_9r4_0,3,train
9sdXJSQ_9r4_0,4,train
9sdXJSQ_9r4_0,5,train
TXlqhV2cPIQ_0,1,train
TXlqhV2cPIQ_0,2,train
TXlqhV2cPIQ_0,3,train
TXlqhV2cPIQ_0,4,train
TXlqhV2cPIQ_0,5,train
YYbShzoZWRo_30,1,train
YYbShzoZWRo_30,2,train
YYbShzoZWRo_30,3,train
YYbShzoZWRo_30,4,train
YYbShzoZWRo_30,5,train
O7xnnBye7RM_0,1,train
O7xnnBye7RM_0,2,train
O7xnnBye7RM_0,3,train
O7xnnBye7RM_0,4,train
O7xnnBye7RM_0,5,train
BZyTr2Pku2A_4,1,train
BZyTr2Pku2A_4,2,train
BZyTr2Pku2A_4,3,train
BZyTr2Pku2A_4,4,train
BZyTr2Pku2A_4,5,train
3vheOi4y540_2,1,train
3vheOi4y540_2,2,train
3vheOi4y540_2,3,train
3vheOi4y540_2,4,train
3vheOi4y540_2,5,train
WlL1KEYx8bY_0,1,train
WlL1KEYx8bY_0,2,train
WlL1KEYx8bY_0,3,train
WlL1KEYx8bY_0,4,train
WlL1KEYx8bY_0,5,train
BZyTr2Pku2A_0,1,train
BZyTr2Pku2A_0,2,train
BZyTr2Pku2A_0,3,train
BZyTr2Pku2A_0,4,train
BZyTr2Pku2A_0,5,train
emLStHiqfyo_0,1,train
emLStHiqfyo_0,2,train
emLStHiqfyo_0,3,train
emLStHiqfyo_0,4,train
emLStHiqfyo_0,5,train
UHc7dQm5BFY_0,1,train
UHc7dQm5BFY_0,2,train
UHc7dQm5BFY_0,3,train
UHc7dQm5BFY_0,4,train
UHc7dQm5BFY_0,5,train
yXh6hBb-1nE_0,1,train
yXh6hBb-1nE_0,2,train
yXh6hBb-1nE_0,3,train
yXh6hBb-1nE_0,4,train
yXh6hBb-1nE_0,5,train
5MWqO06RjI4_0,1,train
5MWqO06RjI4_0,2,train
5MWqO06RjI4_0,3,train
5MWqO06RjI4_0,4,train
5MWqO06RjI4_0,5,train
u4v75o5WxYw_1,1,train
u4v75o5WxYw_1,2,train
u4v75o5WxYw_1,3,train
u4v75o5WxYw_1,4,train
u4v75o5WxYw_1,5,train
rSDy3T80sMk_0,1,train
rSDy3T80sMk_0,2,train
rSDy3T80sMk_0,3,train
rSDy3T80sMk_0,4,train
rSDy3T80sMk_0,5,train
fhrwGiZrvio,1,train
fhrwGiZrvio,2,train
fhrwGiZrvio,3,train
fhrwGiZrvio,4,train
fhrwGiZrvio,5,train
OfcjlybYwFs_4,1,train
OfcjlybYwFs_4,2,train
OfcjlybYwFs_4,3,train
OfcjlybYwFs_4,4,train
OfcjlybYwFs_4,5,train
Ox7OpIu5CLI_2,1,train
Ox7OpIu5CLI_2,2,train
Ox7OpIu5CLI_2,3,train
Ox7OpIu5CLI_2,4,train
Ox7OpIu5CLI_2,5,train
YYbShzoZWRo_28,1,train
YYbShzoZWRo_28,2,train
YYbShzoZWRo_28,3,train
YYbShzoZWRo_28,4,train
YYbShzoZWRo_28,5,train
SA6kKf9H3H4_1,1,train
SA6kKf9H3H4_1,2,train
SA6kKf9H3H4_1,3,train
SA6kKf9H3H4_1,4,train
SA6kKf9H3H4_1,5,train
YYbShzoZWRo_5,1,train
YYbShzoZWRo_5,2,train
YYbShzoZWRo_5,3,train
YYbShzoZWRo_5,4,train
YYbShzoZWRo_5,5,train
TeLISCmZ_w4_3,1,train
TeLISCmZ_w4_3,2,train
TeLISCmZ_w4_3,3,train
TeLISCmZ_w4_3,4,train
TeLISCmZ_w4_3,5,train
43NLIKL9WO8_4,1,train
43NLIKL9WO8_4,2,train
43NLIKL9WO8_4,3,train
43NLIKL9WO8_4,4,train
43NLIKL9WO8_4,5,train
GMo5vI-5ltE_1,1,train
GMo5vI-5ltE_1,2,train
GMo5vI-5ltE_1,3,train
GMo5vI-5ltE_1,4,train
GMo5vI-5ltE_1,5,train
BQYSbteWLp0_2,1,train
BQYSbteWLp0_2,2,train
BQYSbteWLp0_2,3,train
BQYSbteWLp0_2,4,train
BQYSbteWLp0_2,5,train
g0bXtC97OFM_0,1,train
g0bXtC97OFM_0,2,train
g0bXtC97OFM_0,3,train
g0bXtC97OFM_0,4,train
g0bXtC97OFM_0,5,train
pXhXaUz2rM4_0,1,train
pXhXaUz2rM4_0,2,train
pXhXaUz2rM4_0,3,train
pXhXaUz2rM4_0,4,train
pXhXaUz2rM4_0,5,train
bT3D8pRHY40_4,1,train
bT3D8pRHY40_4,2,train
bT3D8pRHY40_4,3,train
bT3D8pRHY40_4,4,train
bT3D8pRHY40_4,5,train
8bvSnaz5E7k_0,1,train
8bvSnaz5E7k_0,2,train
8bvSnaz5E7k_0,3,train
8bvSnaz5E7k_0,4,train
8bvSnaz5E7k_0,5,train
mb1G2JtGhws_1,1,train
mb1G2JtGhws_1,2,train
mb1G2JtGhws_1,3,train
mb1G2JtGhws_1,4,train
mb1G2JtGhws_1,5,train
Ox7OpIu5CLI_4,1,train
Ox7OpIu5CLI_4,2,train
Ox7OpIu5CLI_4,3,train
Ox7OpIu5CLI_4,4,train
Ox7OpIu5CLI_4,5,train
xLXcCv45AYg_1,1,train
xLXcCv45AYg_1,2,train
xLXcCv45AYg_1,3,train
xLXcCv45AYg_1,4,train
xLXcCv45AYg_1,5,train
oXazaWxQ25s_1,1,train
oXazaWxQ25s_1,2,train
oXazaWxQ25s_1,3,train
oXazaWxQ25s_1,4,train
oXazaWxQ25s_1,5,train
Q1pZUmvQbWk_2,1,train
Q1pZUmvQbWk_2,2,train
Q1pZUmvQbWk_2,3,train
Q1pZUmvQbWk_2,4,train
Q1pZUmvQbWk_2,5,train
4k63MOSjOBw_0,1,train
4k63MOSjOBw_0,2,train
4k63MOSjOBw_0,3,train
4k63MOSjOBw_0,4,train
4k63MOSjOBw_0,5,train
4rYRe3CaRh4_0,1,train
4rYRe3CaRh4_0,2,train
4rYRe3CaRh4_0,3,train
4rYRe3CaRh4_0,4,train
4rYRe3CaRh4_0,5,train
GMo5vI-5ltE_0,1,train
GMo5vI-5ltE_0,2,train
GMo5vI-5ltE_0,3,train
GMo5vI-5ltE_0,4,train
GMo5vI-5ltE_0,5,train
jME9QyhHS_0_1,1,train
jME9QyhHS_0_1,2,train
jME9QyhHS_0_1,3,train
jME9QyhHS_0_1,4,train
jME9QyhHS_0_1,5,train
ygrrc2Saf_8_6,1,train
ygrrc2Saf_8_6,2,train
ygrrc2Saf_8_6,3,train
ygrrc2Saf_8_6,4,train
ygrrc2Saf_8_6,5,train
vlny-m0SIiw_0,1,train
vlny-m0SIiw_0,2,train
vlny-m0SIiw_0,3,train
vlny-m0SIiw_0,4,train
vlny-m0SIiw_0,5,train
ELZzyhWMdqA_3,1,train
ELZzyhWMdqA_3,2,train
ELZzyhWMdqA_3,3,train
ELZzyhWMdqA_3,4,train
ELZzyhWMdqA_3,5,train
OBx79oY-RTc_0,1,train
OBx79oY-RTc_0,2,train
OBx79oY-RTc_0,3,train
OBx79oY-RTc_0,4,train
OBx79oY-RTc_0,5,train
Ox7OpIu5CLI_5,1,train
Ox7OpIu5CLI_5,2,train
Ox7OpIu5CLI_5,3,train
Ox7OpIu5CLI_5,4,train
Ox7OpIu5CLI_5,5,train
0r9z8q9ACfM_0,1,train
0r9z8q9ACfM_0,2,train
0r9z8q9ACfM_0,3,train
0r9z8q9ACfM_0,4,train
0r9z8q9ACfM_0,5,train
x2czvJR1JCA_0,1,train
x2czvJR1JCA_0,2,train
x2czvJR1JCA_0,3,train
x2czvJR1JCA_0,4,train
x2czvJR1JCA_0,5,train
VZTsdI-hbpw_1,1,train
VZTsdI-hbpw_1,2,train
VZTsdI-hbpw_1,3,train
VZTsdI-hbpw_1,4,train
VZTsdI-hbpw_1,5,train
OcrebrO0L-Y_1,1,train
OcrebrO0L-Y_1,2,train
OcrebrO0L-Y_1,3,train
OcrebrO0L-Y_1,4,train
OcrebrO0L-Y_1,5,train
_fvpYLXtQHQ_0,1,train
_fvpYLXtQHQ_0,2,train
_fvpYLXtQHQ_0,3,train
_fvpYLXtQHQ_0,4,train
_fvpYLXtQHQ_0,5,train
16dvjUXzt44_0,1,train
16dvjUXzt44_0,2,train
16dvjUXzt44_0,3,train
16dvjUXzt44_0,4,train
16dvjUXzt44_0,5,train
gL8zlvF6e5c_0,1,train
gL8zlvF6e5c_0,2,train
gL8zlvF6e5c_0,3,train
gL8zlvF6e5c_0,4,train
gL8zlvF6e5c_0,5,train
UtBQrBLsTQY_2,1,train
UtBQrBLsTQY_2,2,train
UtBQrBLsTQY_2,3,train
UtBQrBLsTQY_2,4,train
UtBQrBLsTQY_2,5,train
tMNVhoFOsWI_1,1,train
tMNVhoFOsWI_1,2,train
tMNVhoFOsWI_1,3,train
tMNVhoFOsWI_1,4,train
tMNVhoFOsWI_1,5,train
m5yAAn0QT6M_6,1,train
m5yAAn0QT6M_6,2,train
m5yAAn0QT6M_6,3,train
m5yAAn0QT6M_6,4,train
m5yAAn0QT6M_6,5,train
m5yAAn0QT6M_5,1,train
m5yAAn0QT6M_5,2,train
m5yAAn0QT6M_5,3,train
m5yAAn0QT6M_5,4,train
m5yAAn0QT6M_5,5,train
YYbShzoZWRo_27,1,train
YYbShzoZWRo_27,2,train
YYbShzoZWRo_27,3,train
YYbShzoZWRo_27,4,train
YYbShzoZWRo_27,5,train
4ZcNowVqLfg_1,1,train
4ZcNowVqLfg_1,2,train
4ZcNowVqLfg_1,3,train
4ZcNowVqLfg_1,4,train
4ZcNowVqLfg_1,5,train
BmH773l2mTk,1,train
BmH773l2mTk,2,train
BmH773l2mTk,3,train
BmH773l2mTk,4,train
BmH773l2mTk,5,train
UtBQrBLsTQY_1,1,train
UtBQrBLsTQY_1,2,train
UtBQrBLsTQY_1,3,train
UtBQrBLsTQY_1,4,train
UtBQrBLsTQY_1,5,train
QRW46iNm1Cg_0,1,train
QRW46iNm1Cg_0,2,train
QRW46iNm1Cg_0,3,train
QRW46iNm1Cg_0,4,train
QRW46iNm1Cg_0,5,train
7-I_bth-7qk_0,1,train
7-I_bth-7qk_0,2,train
7-I_bth-7qk_0,3,train
7-I_bth-7qk_0,4,train
7-I_bth-7qk_0,5,train
KjCR-PaDrZ4_0,1,train
KjCR-PaDrZ4_0,2,train
KjCR-PaDrZ4_0,3,train
KjCR-PaDrZ4_0,4,train
KjCR-PaDrZ4_0,5,train
375VdW7o1ys_0,1,train
375VdW7o1ys_0,2,train
375VdW7o1ys_0,3,train
375VdW7o1ys_0,4,train
375VdW7o1ys_0,5,train
6DR8dA9TDOc_0,1,train
6DR8dA9TDOc_0,2,train
6DR8dA9TDOc_0,3,train
6DR8dA9TDOc_0,4,train
6DR8dA9TDOc_0,5,train
BQYSbteWLp0_0,1,train
BQYSbteWLp0_0,2,train
BQYSbteWLp0_0,3,train
BQYSbteWLp0_0,4,train
BQYSbteWLp0_0,5,train
vYGVDaZan_8_1,1,train
vYGVDaZan_8_1,2,train
vYGVDaZan_8_1,3,train
vYGVDaZan_8_1,4,train
vYGVDaZan_8_1,5,train
BQYSbteWLp0_1,1,train
BQYSbteWLp0_1,2,train
BQYSbteWLp0_1,3,train
BQYSbteWLp0_1,4,train
BQYSbteWLp0_1,5,train
gsAoNfN9Pvk_1,1,train
gsAoNfN9Pvk_1,2,train
gsAoNfN9Pvk_1,3,train
gsAoNfN9Pvk_1,4,train
gsAoNfN9Pvk_1,5,train
xv7eM6-UmkY_19,1,train
xv7eM6-UmkY_19,2,train
xv7eM6-UmkY_19,3,train
xv7eM6-UmkY_19,4,train
xv7eM6-UmkY_19,5,train
8q8lFLEvVU8_2,1,train
8q8lFLEvVU8_2,2,train
8q8lFLEvVU8_2,3,train
8q8lFLEvVU8_2,4,train
8q8lFLEvVU8_2,5,train
01uIJMwnUvA_0,1,train
01uIJMwnUvA_0,2,train
01uIJMwnUvA_0,3,train
01uIJMwnUvA_0,4,train
01uIJMwnUvA_0,5,train
nnuN-Zt60TM_4,1,train
nnuN-Zt60TM_4,2,train
nnuN-Zt60TM_4,3,train
nnuN-Zt60TM_4,4,train
nnuN-Zt60TM_4,5,train
sWuR6rRRIVk_0,1,train
sWuR6rRRIVk_0,2,train
sWuR6rRRIVk_0,3,train
sWuR6rRRIVk_0,4,train
sWuR6rRRIVk_0,5,train
Kot-gIKy4Qk_2,1,train
Kot-gIKy4Qk_2,2,train
Kot-gIKy4Qk_2,3,train
Kot-gIKy4Qk_2,4,train
Kot-gIKy4Qk_2,5,train
GLOh9CDp7dE_1,1,train
GLOh9CDp7dE_1,2,train
GLOh9CDp7dE_1,3,train
GLOh9CDp7dE_1,4,train
GLOh9CDp7dE_1,5,train
GtVX2Z10Iw8_0,1,train
GtVX2Z10Iw8_0,2,train
GtVX2Z10Iw8_0,3,train
GtVX2Z10Iw8_0,4,train
GtVX2Z10Iw8_0,5,train
YYbShzoZWRo_14,1,train
YYbShzoZWRo_14,2,train
YYbShzoZWRo_14,3,train
YYbShzoZWRo_14,4,train
YYbShzoZWRo_14,5,train
BZyTr2Pku2A_3,1,train
BZyTr2Pku2A_3,2,train
BZyTr2Pku2A_3,3,train
BZyTr2Pku2A_3,4,train
BZyTr2Pku2A_3,5,train
7aJdtdj0yBE_0,1,train
7aJdtdj0yBE_0,2,train
7aJdtdj0yBE_0,3,train
7aJdtdj0yBE_0,4,train
7aJdtdj0yBE_0,5,train
4KyFqVPkJaM_1,1,train
4KyFqVPkJaM_1,2,train
4KyFqVPkJaM_1,3,train
4KyFqVPkJaM_1,4,train
4KyFqVPkJaM_1,5,train
iSbZfJc1hFs_0,1,train
iSbZfJc1hFs_0,2,train
iSbZfJc1hFs_0,3,train
iSbZfJc1hFs_0,4,train
iSbZfJc1hFs_0,5,train
Kd42SbTQv2U_6,1,train
Kd42SbTQv2U_6,2,train
Kd42SbTQv2U_6,3,train
Kd42SbTQv2U_6,4,train
Kd42SbTQv2U_6,5,train
rNoySCBDcAc_0,1,train
rNoySCBDcAc_0,2,train
rNoySCBDcAc_0,3,train
rNoySCBDcAc_0,4,train
rNoySCBDcAc_0,5,train
uCK7Gok3u0U_8,1,train
uCK7Gok3u0U_8,2,train
uCK7Gok3u0U_8,3,train
uCK7Gok3u0U_8,4,train
uCK7Gok3u0U_8,5,train
0r9z8q9ACfM_1,1,train
0r9z8q9ACfM_1,2,train
0r9z8q9ACfM_1,3,train
0r9z8q9ACfM_1,4,train
0r9z8q9ACfM_1,5,train
eCyjN28hHVE,1,train
eCyjN28hHVE,2,train
eCyjN28hHVE,3,train
eCyjN28hHVE,4,train
eCyjN28hHVE,5,train
OfcjlybYwFs_1,1,train
OfcjlybYwFs_1,2,train
OfcjlybYwFs_1,3,train
OfcjlybYwFs_1,4,train
OfcjlybYwFs_1,5,train
ELZzyhWMdqA_2,1,train
ELZzyhWMdqA_2,2,train
ELZzyhWMdqA_2,3,train
ELZzyhWMdqA_2,4,train
ELZzyhWMdqA_2,5,train
X8tmnQ0Egoo_2,1,train
X8tmnQ0Egoo_2,2,train
X8tmnQ0Egoo_2,3,train
X8tmnQ0Egoo_2,4,train
X8tmnQ0Egoo_2,5,train
UHc7dQm5BFY_1,1,train
UHc7dQm5BFY_1,2,train
UHc7dQm5BFY_1,3,train
UHc7dQm5BFY_1,4,train
UHc7dQm5BFY_1,5,train
O7y65IEk3_g_0,1,train
O7y65IEk3_g_0,2,train
O7y65IEk3_g_0,3,train
O7y65IEk3_g_0,4,train
O7y65IEk3_g_0,5,train
xv7eM6-UmkY_29,1,train
xv7eM6-UmkY_29,2,train
xv7eM6-UmkY_29,3,train
xv7eM6-UmkY_29,4,train
xv7eM6-UmkY_29,5,train
I_kxmHFX40w_2,1,train
I_kxmHFX40w_2,2,train
I_kxmHFX40w_2,3,train
I_kxmHFX40w_2,4,train
I_kxmHFX40w_2,5,train
xLXcCv45AYg_24,1,train
xLXcCv45AYg_24,2,train
xLXcCv45AYg_24,3,train
xLXcCv45AYg_24,4,train
xLXcCv45AYg_24,5,train
SA6kKf9H3H4_2,1,train
SA6kKf9H3H4_2,2,train
SA6kKf9H3H4_2,3,train
SA6kKf9H3H4_2,4,train
SA6kKf9H3H4_2,5,train
4rYRe3CaRh4_1,1,train
4rYRe3CaRh4_1,2,train
4rYRe3CaRh4_1,3,train
4rYRe3CaRh4_1,4,train
4rYRe3CaRh4_1,5,train
xLXcCv45AYg_15,1,train
xLXcCv45AYg_15,2,train
xLXcCv45AYg_15,3,train
xLXcCv45AYg_15,4,train
xLXcCv45AYg_15,5,train
RKm160Qcnqs_0,1,train
RKm160Qcnqs_0,2,train
RKm160Qcnqs_0,3,train
RKm160Qcnqs_0,4,train
RKm160Qcnqs_0,5,train
Ox7OpIu5CLI_8,1,train
Ox7OpIu5CLI_8,2,train
Ox7OpIu5CLI_8,3,train
Ox7OpIu5CLI_8,4,train
Ox7OpIu5CLI_8,5,train
Kd42SbTQv2U_15,1,train
Kd42SbTQv2U_15,2,train
Kd42SbTQv2U_15,3,train
Kd42SbTQv2U_15,4,train
Kd42SbTQv2U_15,5,train
ILjUrcYX5Ns_1,1,train
ILjUrcYX5Ns_1,2,train
ILjUrcYX5Ns_1,3,train
ILjUrcYX5Ns_1,4,train
ILjUrcYX5Ns_1,5,train
esbnrrsznWc_1,1,train
esbnrrsznWc_1,2,train
esbnrrsznWc_1,3,train
esbnrrsznWc_1,4,train
esbnrrsznWc_1,5,train
3vheOi4y540_5,1,train
3vheOi4y540_5,2,train
3vheOi4y540_5,3,train
3vheOi4y540_5,4,train
3vheOi4y540_5,5,train
esbnrrsznWc_0,1,train
esbnrrsznWc_0,2,train
esbnrrsznWc_0,3,train
esbnrrsznWc_0,4,train
esbnrrsznWc_0,5,train
4ZcNowVqLfg_3,1,train
4ZcNowVqLfg_3,2,train
4ZcNowVqLfg_3,3,train
4ZcNowVqLfg_3,4,train
4ZcNowVqLfg_3,5,train
WQ_wO0r16ww,1,train
WQ_wO0r16ww,2,train
WQ_wO0r16ww,3,train
WQ_wO0r16ww,4,train
WQ_wO0r16ww,5,train
_n-Ey8CoFlA,1,train
_n-Ey8CoFlA,2,train
_n-Ey8CoFlA,3,train
_n-Ey8CoFlA,4,train
_n-Ey8CoFlA,5,train
bhDqxWQUIXg_0,1,train
bhDqxWQUIXg_0,2,train
bhDqxWQUIXg_0,3,train
bhDqxWQUIXg_0,4,train
bhDqxWQUIXg_0,5,train
0meOlo03O3g_0,1,train
0meOlo03O3g_0,2,train
0meOlo03O3g_0,3,train
0meOlo03O3g_0,4,train
0meOlo03O3g_0,5,train
EC0qFS6IdIs,1,train
EC0qFS6IdIs,2,train
EC0qFS6IdIs,3,train
EC0qFS6IdIs,4,train
EC0qFS6IdIs,5,train
RBx-Ue28KUE_0,1,train
RBx-Ue28KUE_0,2,train
RBx-Ue28KUE_0,3,train
RBx-Ue28KUE_0,4,train
RBx-Ue28KUE_0,5,train
mb1G2JtGhws_0,1,train
mb1G2JtGhws_0,2,train
mb1G2JtGhws_0,3,train
mb1G2JtGhws_0,4,train
mb1G2JtGhws_0,5,train
Q1pZUmvQbWk_0,1,train
Q1pZUmvQbWk_0,2,train
Q1pZUmvQbWk_0,3,train
Q1pZUmvQbWk_0,4,train
Q1pZUmvQbWk_0,5,train
Q1pZUmvQbWk_4,1,train
Q1pZUmvQbWk_4,2,train
Q1pZUmvQbWk_4,3,train
Q1pZUmvQbWk_4,4,train
Q1pZUmvQbWk_4,5,train
RcT4M5G0DlE_0,1,train
RcT4M5G0DlE_0,2,train
RcT4M5G0DlE_0,3,train
RcT4M5G0DlE_0,4,train
RcT4M5G0DlE_0,5,train
j1PPhlOpAx0_1,1,train
j1PPhlOpAx0_1,2,train
j1PPhlOpAx0_1,3,train
j1PPhlOpAx0_1,4,train
j1PPhlOpAx0_1,5,train
RcT4M5G0DlE_1,1,train
RcT4M5G0DlE_1,2,train
RcT4M5G0DlE_1,3,train
RcT4M5G0DlE_1,4,train
RcT4M5G0DlE_1,5,train
rPaVbzHZCs4_0,1,train
rPaVbzHZCs4_0,2,train
rPaVbzHZCs4_0,3,train
rPaVbzHZCs4_0,4,train
rPaVbzHZCs4_0,5,train
c6Zh2OdhBTI_0,1,train
c6Zh2OdhBTI_0,2,train
c6Zh2OdhBTI_0,3,train
c6Zh2OdhBTI_0,4,train
c6Zh2OdhBTI_0,5,train
qNfux7Ku4Uc_1,1,train
qNfux7Ku4Uc_1,2,train
qNfux7Ku4Uc_1,3,train
qNfux7Ku4Uc_1,4,train
qNfux7Ku4Uc_1,5,train
ygrrc2Saf_8_13,1,train
ygrrc2Saf_8_13,2,train
ygrrc2Saf_8_13,3,train
ygrrc2Saf_8_13,4,train
ygrrc2Saf_8_13,5,train
Mz6uJu0VlF0_3,1,train
Mz6uJu0VlF0_3,2,train
Mz6uJu0VlF0_3,3,train
Mz6uJu0VlF0_3,4,train
Mz6uJu0VlF0_3,5,train
zXHJI7JEqYc_0,1,train
zXHJI7JEqYc_0,2,train
zXHJI7JEqYc_0,3,train
zXHJI7JEqYc_0,4,train
zXHJI7JEqYc_0,5,train
vlny-m0SIiw_2,1,train
vlny-m0SIiw_2,2,train
vlny-m0SIiw_2,3,train
vlny-m0SIiw_2,4,train
vlny-m0SIiw_2,5,train
VZTsdI-hbpw_0,1,train
VZTsdI-hbpw_0,2,train
VZTsdI-hbpw_0,3,train
VZTsdI-hbpw_0,4,train
VZTsdI-hbpw_0,5,train
YYbShzoZWRo_29,1,train
YYbShzoZWRo_29,2,train
YYbShzoZWRo_29,3,train
YYbShzoZWRo_29,4,train
YYbShzoZWRo_29,5,train
eA3yso89BMc_0,1,train
eA3yso89BMc_0,2,train
eA3yso89BMc_0,3,train
eA3yso89BMc_0,4,train
eA3yso89BMc_0,5,train
NnGIUtlTJ_Y_0,1,train
NnGIUtlTJ_Y_0,2,train
NnGIUtlTJ_Y_0,3,train
NnGIUtlTJ_Y_0,4,train
NnGIUtlTJ_Y_0,5,train
3E5hhtctihI,1,train
3E5hhtctihI,2,train
3E5hhtctihI,3,train
3E5hhtctihI,4,train
3E5hhtctihI,5,train
C2poDeWWuwI,1,train
C2poDeWWuwI,2,train
C2poDeWWuwI,3,train
C2poDeWWuwI,4,train
C2poDeWWuwI,5,train
BUmFKgmN1FI,1,train
BUmFKgmN1FI,2,train
BUmFKgmN1FI,3,train
BUmFKgmN1FI,4,train
BUmFKgmN1FI,5,train
EnpqqJXs0aY_1,1,train
EnpqqJXs0aY_1,2,train
EnpqqJXs0aY_1,3,train
EnpqqJXs0aY_1,4,train
EnpqqJXs0aY_1,5,train
YYbShzoZWRo_1,1,train
YYbShzoZWRo_1,2,train
YYbShzoZWRo_1,3,train
YYbShzoZWRo_1,4,train
YYbShzoZWRo_1,5,train
PFuCFH0RznY_0,1,train
PFuCFH0RznY_0,2,train
PFuCFH0RznY_0,3,train
PFuCFH0RznY_0,4,train
PFuCFH0RznY_0,5,train
UpcP-YCJL4Y_0,1,train
UpcP-YCJL4Y_0,2,train
UpcP-YCJL4Y_0,3,train
UpcP-YCJL4Y_0,4,train
UpcP-YCJL4Y_0,5,train
xLXcCv45AYg_18,1,train
xLXcCv45AYg_18,2,train
xLXcCv45AYg_18,3,train
xLXcCv45AYg_18,4,train
xLXcCv45AYg_18,5,train
8q8lFLEvVU8_1,1,train
8q8lFLEvVU8_1,2,train
8q8lFLEvVU8_1,3,train
8q8lFLEvVU8_1,4,train
8q8lFLEvVU8_1,5,train
zpxgsco2Ffk_0,1,train
zpxgsco2Ffk_0,2,train
zpxgsco2Ffk_0,3,train
zpxgsco2Ffk_0,4,train
zpxgsco2Ffk_0,5,train
pnlSE8fHTWE_2,1,train
pnlSE8fHTWE_2,2,train
pnlSE8fHTWE_2,3,train
pnlSE8fHTWE_2,4,train
pnlSE8fHTWE_2,5,train
RBx-Ue28KUE_2,1,train
RBx-Ue28KUE_2,2,train
RBx-Ue28KUE_2,3,train
RBx-Ue28KUE_2,4,train
RBx-Ue28KUE_2,5,train
xaiHbH0FjJ8_6,1,train
xaiHbH0FjJ8_6,2,train
xaiHbH0FjJ8_6,3,train
xaiHbH0FjJ8_6,4,train
xaiHbH0FjJ8_6,5,train
YYbShzoZWRo_10,1,train
YYbShzoZWRo_10,2,train
YYbShzoZWRo_10,3,train
YYbShzoZWRo_10,4,train
YYbShzoZWRo_10,5,train
j1PPhlOpAx0_0,1,train
j1PPhlOpAx0_0,2,train
j1PPhlOpAx0_0,3,train
j1PPhlOpAx0_0,4,train
j1PPhlOpAx0_0,5,train
IguMXMwDq6k_6,1,train
IguMXMwDq6k_6,2,train
IguMXMwDq6k_6,3,train
IguMXMwDq6k_6,4,train
IguMXMwDq6k_6,5,train
JbwT4QvJefU_0,1,train
JbwT4QvJefU_0,2,train
JbwT4QvJefU_0,3,train
JbwT4QvJefU_0,4,train
JbwT4QvJefU_0,5,train
xv7eM6-UmkY_4,1,train
xv7eM6-UmkY_4,2,train
xv7eM6-UmkY_4,3,train
xv7eM6-UmkY_4,4,train
xv7eM6-UmkY_4,5,train
43NLIKL9WO8_1,1,train
43NLIKL9WO8_1,2,train
43NLIKL9WO8_1,3,train
43NLIKL9WO8_1,4,train
43NLIKL9WO8_1,5,train
XtlLI_pBC3s_0,1,train
XtlLI_pBC3s_0,2,train
XtlLI_pBC3s_0,3,train
XtlLI_pBC3s_0,4,train
XtlLI_pBC3s_0,5,train
0mqckt2Uca8_1,1,train
0mqckt2Uca8_1,2,train
0mqckt2Uca8_1,3,train
0mqckt2Uca8_1,4,train
0mqckt2Uca8_1,5,train
u4v75o5WxYw_2,1,train
u4v75o5WxYw_2,2,train
u4v75o5WxYw_2,3,train
u4v75o5WxYw_2,4,train
u4v75o5WxYw_2,5,train
YgdvCtrWk3s_0,1,train
YgdvCtrWk3s_0,2,train
YgdvCtrWk3s_0,3,train
YgdvCtrWk3s_0,4,train
YgdvCtrWk3s_0,5,train
01uIJMwnUvA_1,1,train
01uIJMwnUvA_1,2,train
01uIJMwnUvA_1,3,train
01uIJMwnUvA_1,4,train
01uIJMwnUvA_1,5,train
Q1pZUmvQbWk_3,1,train
Q1pZUmvQbWk_3,2,train
Q1pZUmvQbWk_3,3,train
Q1pZUmvQbWk_3,4,train
Q1pZUmvQbWk_3,5,train
bT3D8pRHY40_3,1,train
bT3D8pRHY40_3,2,train
bT3D8pRHY40_3,3,train
bT3D8pRHY40_3,4,train
bT3D8pRHY40_3,5,train
WjyvwX_nZ6Y_2,1,train
WjyvwX_nZ6Y_2,2,train
WjyvwX_nZ6Y_2,3,train
WjyvwX_nZ6Y_2,4,train
WjyvwX_nZ6Y_2,5,train
sUBrRXJKJfk_0,1,train
sUBrRXJKJfk_0,2,train
sUBrRXJKJfk_0,3,train
sUBrRXJKJfk_0,4,train
sUBrRXJKJfk_0,5,train
TXlqhV2cPIQ_5,1,train
TXlqhV2cPIQ_5,2,train
TXlqhV2cPIQ_5,3,train
TXlqhV2cPIQ_5,4,train
TXlqhV2cPIQ_5,5,train
8VfSPmWXhe8_0,1,train
8VfSPmWXhe8_0,2,train
8VfSPmWXhe8_0,3,train
8VfSPmWXhe8_0,4,train
8VfSPmWXhe8_0,5,train
EnpqqJXs0aY_3,1,train
EnpqqJXs0aY_3,2,train
EnpqqJXs0aY_3,3,train
EnpqqJXs0aY_3,4,train
EnpqqJXs0aY_3,5,train
YYbShzoZWRo_13,1,train
YYbShzoZWRo_13,2,train
YYbShzoZWRo_13,3,train
YYbShzoZWRo_13,4,train
YYbShzoZWRo_13,5,train
Q1pZUmvQbWk_1,1,train
Q1pZUmvQbWk_1,2,train
Q1pZUmvQbWk_1,3,train
Q1pZUmvQbWk_1,4,train
Q1pZUmvQbWk_1,5,train
xsKDlRGubgM_0,1,train
xsKDlRGubgM_0,2,train
xsKDlRGubgM_0,3,train
xsKDlRGubgM_0,4,train
xsKDlRGubgM_0,5,train
4RM67QN9034_22,1,train
4RM67QN9034_22,2,train
4RM67QN9034_22,3,train
4RM67QN9034_22,4,train
4RM67QN9034_22,5,train
hfFPtPYAiu0_4,1,train
hfFPtPYAiu0_4,2,train
hfFPtPYAiu0_4,3,train
hfFPtPYAiu0_4,4,train
hfFPtPYAiu0_4,5,train
YYbShzoZWRo_31,1,train
YYbShzoZWRo_31,2,train
YYbShzoZWRo_31,3,train
YYbShzoZWRo_31,4,train
YYbShzoZWRo_31,5,train
Mz6uJu0VlF0_4,1,train
Mz6uJu0VlF0_4,2,train
Mz6uJu0VlF0_4,3,train
Mz6uJu0VlF0_4,4,train
Mz6uJu0VlF0_4,5,train
V9JdDs7RK3c_0,1,train
V9JdDs7RK3c_0,2,train
V9JdDs7RK3c_0,3,train
V9JdDs7RK3c_0,4,train
V9JdDs7RK3c_0,5,train
YYbShzoZWRo_21,1,train
YYbShzoZWRo_21,2,train
YYbShzoZWRo_21,3,train
YYbShzoZWRo_21,4,train
YYbShzoZWRo_21,5,train
uCK7Gok3u0U_1,1,train
uCK7Gok3u0U_1,2,train
uCK7Gok3u0U_1,3,train
uCK7Gok3u0U_1,4,train
uCK7Gok3u0U_1,5,train
qNfux7Ku4Uc_5,1,train
qNfux7Ku4Uc_5,2,train
qNfux7Ku4Uc_5,3,train
qNfux7Ku4Uc_5,4,train
qNfux7Ku4Uc_5,5,train
kOLHBZTl9fQ_0,1,train
kOLHBZTl9fQ_0,2,train
kOLHBZTl9fQ_0,3,train
kOLHBZTl9fQ_0,4,train
kOLHBZTl9fQ_0,5,train
